OBJECTID,BusinessAddress,BusinessName,BusinessStartDate,BusinessType,LocationX,LocationY,State,Zip
124,921 Canal St,THE RITZ CARLTON HOTEL CO LLC,2000-10-01,HOTELS (EXC CASINO HOTELS) & MOTELS,3680566.91771,531286.97037,LA,70112
377,1210 N Galvez St,ACCESSORY B&B,2023-07-25,BED & BREAKFAST INNS,3679571.14485,537208.9634,LA,70116
26,1225 St Charles Ave,THE QUISBY,2016-11-17,HOTELS (EXC CASINO HOTELS) & MOTELS,3679535.82018,526197.515134,LA,70130
158,1724 Marais St,L’AUBERGE PLACAGE,2023-12-07,BED & BREAKFAST INNS,3683350.83759,536507.483847,LA,70116
191,212 Loyola Ave,SONESTA ES SUITES NEW OLEANS,2019-12-09,HOTELS (EXC CASINO HOTELS) & MOTELS,3679374.08296,531003.245378,LA,70112
122,8310 Chef Menteur Hwy,ECONOMY INN,1996-11-25,Traveler Accomodation,3706026.2442,552970.789591,LA,70126
282,1518 Prytania St,FAIRCHILD HOUSE,1994-04-01,HOTELS (EXC CASINO HOTELS) & MOTELS,3679597.52936,525065.130621,LA,70130
148,360 St Charles Ave,RESIDENCE INN BY MARRIOT,2019-07-08,HOTELS (EXC CASINO HOTELS) & MOTELS,3680873.58472,529787.599297,LA,70130
299,930 Elysian Fields Ave,ELYSAIN FIELDS INN,2015-08-03,BED & BREAKFAST INNS,3684957.62831,535828.899655,LA,70117
67,5801 Read Blvd,COUNTRY INN & SUITESNEW ORLEANS I-10 EAST,2019-02-15,HOTELS (EXC CASINO HOTELS) & MOTELS,3711130.32971,560962.831134,LA,70127
34,12340 I -10 Service Rd,TRIDENT INN AND SUITES,2019-10-11,HOTELS (EXC CASINO HOTELS) & MOTELS,3678691.8167,530187.70942,LA,70128
279,621 St Louis St,ROYAL ORLEANS HOTEL,1987-12-01,HOTELS (EXC CASINO HOTELS) & MOTELS,3682297.81064,531793.086915,LA,70130
5,1830 Dauphine St,1830 DAUPHINE HOUSE,1999-07-21,BED & BREAKFAST INNS,3683898.46607,535097.164806,LA,70116
271,1600 Canal Street,SPRINGHILL SUITES BY MARRIOTT NEW ORLEANS,2022-01-13,HOTELS (EXC CASINO HOTELS) & MOTELS,3678691.8167,530187.70942,LA,70112
359,1133 Margaret Pl,MARGARET PLACE,2019-11-02,BED & BREAKFAST INNS,3680167.4733,526167.541438,LA,70130
256,2425 Chartres St,2425 CHARTRES ST LLC,2021-09-28,BED & BREAKFAST INNS,3686130.22671,534620.938694,LA,70117
273,1212 Magazine St,1501 ORETHA CASTLE HALEY BLVD LLC,2023-08-18,BED & BREAKFAST INNS,3680644.31823,525483.642749,LA,70130
210,541 Bourbon St,FOUR POINTS BY SHERATON FRENCH QUARTER,1989-03-15,HOTELS (EXC CASINO HOTELS) & MOTELS,3681942.674,532323.070467,LA,70130
72,1148 S Peters St,SEXTANT STAYS,2021-03-25,HOTELS (EXC CASINO HOTELS) & MOTELS,3682414.34952,525698.845693,LA,70130
4,1303 Governor Nicholls St,MONROSE ROW B & B,1998-01-07,BED & BREAKFAST INNS,3681927.42216,535360.707078,LA,70116
215,1415 Prytania St,1415 CREOLE GARDENS,2001-10-26,HOTELS (EXC CASINO HOTELS) & MOTELS,3679696.82831,525413.506301,LA,70130
153,3132 N Rampart St,OBEAH GUESTHOUSE,2021-12-17,BED & BREAKFAST INNS,3689128.22966,535471.158854,LA,70117
336,509 Dauphine St,AUDUBON COTTAGES,2011-10-05,HOTELS (EXC CASINO HOTELS) & MOTELS,3681564.63752,532403.911875,LA,70116
112,717 Conti St,HOTEL LE MARAIS,2018-12-18,HOTELS (EXC CASINO HOTELS) & MOTELS,3681763.43541,531723.179843,LA,70130
367,417 Frenchmen St,FRENCHMEN HOTEL,2022-02-15,HOTELS (EXC CASINO HOTELS) & MOTELS,3684803.71516,534038.056773,LA,70116
194,822 Perdido St,SEXTANT STAYS,2021-01-21,HOTELS (EXC CASINO HOTELS) & MOTELS,3680216.60872,529806.256705,LA,70112
136,3810 Royal St,ROYAL SUNSHINE,2015-11-04,BED & BREAKFAST INNS,3690951.844,533891.875653,LA,70117
145,334 O Keefe Ave,HOLIDAY INN EXPRESS,2017-12-01,HOTELS (EXC CASINO HOTELS) & MOTELS,3678691.8167,530187.70942,LA,70112
160,4700 Viola St,THE BREWER HOUSE FOR SECOND CHANCES LLC,2024-02-16,ROOMING & BOARDING HOUSES,3703986.87511,554932.997912,LA,70126
165,7051 Bullard Ave,COMFORT SUITES,2002-01-01,HOTELS (EXC CASINO HOTELS) & MOTELS,3714519.34565,565770.890339,LA,70128-2307
150,3626 St Charles Ave,HAMPTON INN NEW ORLEANS-ST.CHARLES AVE./GARDEN DIS,2022-01-01,HOTELS (EXC CASINO HOTELS) & MOTELS,3673411.84174,521107.980217,LA,70115
89,3535 St Charles Ave,HUBBARD MANSION BED & BREAKFAST,2002-01-01,BED & BREAKFAST INNS,3673577.80142,521439.679737,LA,70115
258,705 Common Street,INDIGO ST. CHARLES,2021-12-28,HOTELS (EXC CASINO HOTELS) & MOTELS,3678691.8167,530187.70942,LA,70130
186,317 Baronne St,NOPSI HOTEL,2018-11-06,HOTELS (EXC CASINO HOTELS) & MOTELS,3680070.49019,530264.524289,LA,70112
130,300 Bourbon St,ROYAL SONESTA HOTEL,2012-06-01,HOTELS (EXC CASINO HOTELS) & MOTELS,3681523.24488,531576.031683,LA,70130
86,1261 Esplanade Ave,CHATEAU ESPLANADE,1994-06-21,HOTELS (EXC CASINO HOTELS) & MOTELS,3682245.88655,535893.628039,LA,70116
58,3610 Tulane Ave,THE BEN LOUIE,2016-08-01,HOTELS (EXC CASINO HOTELS) & MOTELS,3670994.05703,535309.890694,LA,70119
355,601 Loyola Ave,HYATT REGENCY NEW ORLEANS,2019-05-07,HOTELS (EXC CASINO HOTELS) & MOTELS,3678884.56987,529323.933185,LA,70113
74,3626 St Charles Ave,HAMPTON INN NEW ORLEANS-ST.CHARLES AVE./GARDEN DIS,2022-01-01,HOTELS (EXC CASINO HOTELS) & MOTELS,3673411.84174,521107.980217,LA,70115
259,2460 N Rampart St,AULD SWEET OLIVE BED & BREAKFAST,2022-01-24,BED & BREAKFAST INNS,3686348.36412,536018.401287,LA,70117
47,1526 Pauger St,LITTLE EAZY BED & BREAKFAST,2004-08-17,BED & BREAKFAST INNS,3683890.07209,535352.817926,LA,70116
179,2532 N Rampart St,2532 N RAMPART STREET LLC,2016-10-12,BED & BREAKFAST INNS,3686805.40278,536043.240199,LA,70117
207,1226 Baronne St,1226 BARONNE 2021 LLC,2022-11-11,HOTELS (EXC CASINO HOTELS) & MOTELS,3678859.30773,526614.71347,LA,70113
352,4417 Dryades St,BLUE LAGOON NOLA,2018-02-15,HOTELS (EXC CASINO HOTELS) & MOTELS,3670505.04142,522023.371578,LA,70115
105,1509 Saint Charles Ave,HISTORIC STREETCAR INN,2017-02-03,HOTELS (EXC CASINO HOTELS) & MOTELS,3678691.8167,530187.70942,LA,70130
30,730 Bienville St,HOTEL MAZARIN,2018-12-18,HOTELS (EXC CASINO HOTELS) & MOTELS,3681469.36956,531414.158723,LA,70130
347,712 Pelican St,CASA PELICAN LLC,2016-01-26,BED & BREAKFAST INNS,3678691.8167,530187.70942,LA,70114
118,337 Burgundy St,DAUZAT HOUSE,1992-09-01,ROOMING & BOARDING HOUSES,3680971.86677,532208.128515,LA,70112
374,3029 Royal St,THE REDEMPTORY ON ROYAL,2023-05-08,BED & BREAKFAST INNS,3688305.37852,534621.917446,LA,70117
180,906 Mazant St,MAZANT HOLDING,2017-03-08,BED & BREAKFAST INNS,3691892.60329,534543.874757,LA,70117
55,201 Magazine St,HOSTEVA,2015-08-10,HOTELS (EXC CASINO HOTELS) & MOTELS,3681661.66914,529919.769985,LA,70130
143,3900 Tulane Ave,TULANE HOTEL GROUP,2017-07-26,HOTELS (EXC CASINO HOTELS) & MOTELS,3670049.17703,535735.410695,LA,70119
176,616 Louisa St,NOLA PLACE,2016-01-04,BED & BREAKFAST INNS,3689101.12988,534159.251141,LA,70117
218,1816 Marengo St,AIRYN MONET,2000-01-01,BED & BREAKFAST INNS,3671796.07163,521879.528762,LA,70115
92,120 S Pierce St,1896 O'MALLEY HOUSE,2005-04-01,HOTELS (EXC CASINO HOTELS) & MOTELS,3671392.88167,537869.347913,LA,70119-6033
78,1748 Prytania St,ST CHARLES GUEST HOUSE,1981-06-15,BED & BREAKFAST INNS,3679124.57064,524346.630908,LA,70130
315,2306 Esplanade Ave,DEGAS HOUSE,2021-09-30,HOTELS (EXC CASINO HOTELS) & MOTELS,3679158.27259,538070.858377,LA,70119
146,1129  St Philip St,NEW ORLEANS JAZZ QUARTERS,2018-03-01,HOTELS (EXC CASINO HOTELS) & MOTELS,3681893.42293,534464.278789,LA,70116
213,835 Bourbon St,BON MAISON GUEST HOUSE,1999-01-01,ROOMING & BOARDING HOUSES,3682642.82792,533211.5481,LA,70116
163,2023 Esplanade Ave,ASHTON'S BED & BREAKFAST,1998-10-20,HOTELS (EXC CASINO HOTELS) & MOTELS,3680029.59739,537628.955528,LA,70116
324,1923 Esplanade Ave,H H WHITNEY HOUSE,1998-01-12,BED & BREAKFAST INNS,3680325.67701,537396.8306,LA,70116
284,2727 St Charles Ave,THE GRAND VICTORIAN BED & BREAKFAST,1998-10-01,HOTELS (EXC CASINO HOTELS) & MOTELS,3675937.20494,522627.067898,LA,70130
366,888 Baronne St,THE BRANDYWINE BY SEXTANT,2021-07-11,HOTELS (EXC CASINO HOTELS) & MOTELS,3679655.63592,527686.366719,LA,70113
70,111 Iberville St,ONE11 HOTEL,2020-12-11,HOTELS (EXC CASINO HOTELS) & MOTELS,3682510.40828,530267.007105,LA,70130
102,9301 Airline Hwy,LONDON LODGE MOTEL,2015-04-23,HOTELS (EXC CASINO HOTELS) & MOTELS,3664275.14247,537463.271368,LA,70118
339,628 Frenchmen St,SUITE JAZZ ON FRENCHMEN,2012-10-03,BED & BREAKFAST INNS,3684690.57161,534704.103686,LA,70116
244,717 Orleans Ave,BOURBON ORLEANS HOTEL,2021-07-01,HOTELS (EXC CASINO HOTELS) & MOTELS,3682502.39119,532793.756676,LA,70116
53,937 Esplanade Ave,MELROSE MANSION,2013-07-29,HOTELS (EXC CASINO HOTELS) & MOTELS,3683279.54261,535108.493446,LA,70116
334,7004 St Charles Ave,PARKVIEW GUEST HOUSE,2010-01-01,HOTELS (EXC CASINO HOTELS) & MOTELS,3663296.78605,524243.819068,LA,70118
1,329 Dauphine St,GRENOBLE HOUSE,1991-08-07,HOTELS (EXC CASINO HOTELS) & MOTELS,3681150.03816,531976.486915,LA,70112
304,508 Chartres St,SONDER,2019-01-30,HOTELS (EXC CASINO HOTELS) & MOTELS,3682501.52213,531697.195331,LA,70116
95,2471 Dauphine St,CREOLE INN RUE DAUPHINE,2009-03-17,BED & BREAKFAST INNS,3686469.98818,535375.44743,LA,70117
257,1919 St Claude Ave,NOLA ST CLAUDE,2021-11-01,HOTELS (EXC CASINO HOTELS) & MOTELS,3684049.72642,536256.034503,LA,70116
356,1500 Canal St,THE JUNG HOTELS & RESIDENCES-HOTEL,2019-04-01,HOTELS (EXC CASINO HOTELS) & MOTELS,3679081.04053,532173.512067,LA,70112
261,2545 Bayou Rd,2545 BAYOU ROAD,2022-04-22,BED & BREAKFAST INNS,3678717.69806,539286.013066,LA,70119
23,936 Saint Charles Ave,THE HOTEL MODERN,2016-06-22,HOTELS (EXC CASINO HOTELS) & MOTELS,3680311.02203,527218.761855,LA,70130
71,2631 Prytania St,SULLY MANSION,2020-12-01,HOTELS (EXC CASINO HOTELS) & MOTELS,3676487.7172,522350.99001,LA,70130
25,6001 France Rd,PONTCHARTRAIN LANDING,2016-11-09,HOTELS (EXC CASINO HOTELS) & MOTELS,3691672.46832,556935.786202,LA,70126
59,634 N. White St,CAMPECHE,2017-03-30,BED & BREAKFAST INNS,3678691.8167,530187.70942,LA,70119
235,2233 Burgundy St,WELCOME ABROAD LLC,2018-05-23,BED & BREAKFAST INNS,3685426.8966,535644.168646,LA,70117
197,2 Canal St,TWO CANAL MASTER TENANT,2021-07-19,HOTELS (EXC CASINO HOTELS) & MOTELS,3682966.11842,529321.569345,LA,70130
360,501 Basin St,THE BRAKEMAN HOTEL,2020-02-04,HOTELS (EXC CASINO HOTELS) & MOTELS,3680674.30875,533050.050244,LA,70112
301,1332 Magazine St,THE TOWNHOUSE,2016-01-08,BED & BREAKFAST INNS,3680515.01647,524954.705533,LA,70130
232,317 N Rampart St,HOMEWOOD SUITES NEW ORLEANS FRENCH QUARTER,2017-04-04,HOTELS (EXC CASINO HOTELS) & MOTELS,3680552.70562,532386.586755,LA,70112
254,1507 Magazine St,HOTEL ST VINCENT,2021-05-06,HOTELS (EXC CASINO HOTELS) & MOTELS,3680108.90587,523754.118971,LA,70130
285,3626 Delgado Dr,THE LAUREL GUEST HOME,2001-03-02,BED & BREAKFAST INNS,3674200.76731,540465.066571,LA,70119
48,701 Convention Center Blvd,OMNI RIVERFRONT HOTEL,2006-02-13,HOTELS (EXC CASINO HOTELS) & MOTELS,3682549.2685,527937.079423,LA,70130
354,210 O'Keefe Ave,MONARCH NEW ORLEANS LP,2018-09-14,HOTELS (EXC CASINO HOTELS) & MOTELS,3679876.32213,530778.312898,LA,70112
183,1242 Frenchmen St,FRENCHMEN OASIS,2017-05-25,BED & BREAKFAST INNS,3684503.75113,536971.994888,LA,70116
195,931 Canal St,THE SAINT NOLA HOTEL,2021-05-12,HOTELS (EXC CASINO HOTELS) & MOTELS,3680457.56949,531370.476034,LA,70112
287,929 Marigny St,929 MARIGNY PAINTED LADY'S INN,2003-10-01,BED & BREAKFAST INNS,3685496.77769,535852.822599,LA,70117
323,2624 Ursulines Ave,CKW INC,1993-05-06,ROOMING & BOARDING HOUSES,3677844.68245,537881.083721,LA,70119
330,6050 Chef Menteur Hwy,MARDI GRAS RV PARK & MOTELS,2005-03-05,HOTELS (EXC CASINO HOTELS) & MOTELS,3697205.01143,551152.817493,LA,70126
214,335 Pelican Ave,HOUSE OF THE RISING SUN,1999-06-03,BED & BREAKFAST INNS,3686466.77052,530408.117378,LA,70114
289,2409 St Charles Ave,1851 INN ON ST CHARLES,2005-01-04,BED & BREAKFAST INNS,3676820.87445,523210.971707,LA,70130
107,2257 Bayou Rd,BENACHI HOUSE,2017-05-18,BED & BREAKFAST INNS,3679345.97474,538282.219913,LA,70119
3,1317 Ursulines Ave,EMPRESS HOTEL,1996-02-18,HOTELS (EXC CASINO HOTELS) & MOTELS,3681584.3053,535114.295366,LA,70116
270,222 Loyola Ave,222 LOYOLA TENANT,2024-04-03,HOTELS (EXC CASINO HOTELS) & MOTELS,3678691.8167,530187.70942,LA,70112
82,613 Esplanade Ave,JEAN LAFITTE HOUSE,1989-01-01,Traveler Accomodation,3684273.4038,534314.664581,LA,70116-2018
217,4117 Perrier St,MAISON PERRIER,2004-08-10,BED & BREAKFAST INNS,3671867.25467,520200.862968,LA,70115
87,1146 Constantinople St,CHIMES BED & BREAKFAST (THE),1995-09-19,BED & BREAKFAST INNS,3672388.88775,519896.428664,LA,70115
91,712-14 Spain St,PIERRE COULON GUEST HOUSE,2002-05-13,BED & BREAKFAST INNS,3678691.8167,530187.70942,LA,70117
66,427 Gravier St,GRAVIER,2019-02-04,HOTELS (EXC CASINO HOTELS) & MOTELS,3681815.24776,529663.999105,LA,70130
293,316 Chartres St,W FRENCH QUARTER HOTEL,2013-04-01,HOTELS (EXC CASINO HOTELS) & MOTELS,3682048.77532,531162.123394,LA,70130
313,717 Orleans Ave,BOURBON ORLEANS HOTEL,2021-08-13,HOTELS (EXC CASINO HOTELS) & MOTELS,3682502.39119,532793.756676,LA,70116
370,401 Park Blvd,DENNIS GUEST HOUSE,2023-01-25,Bed & Breakfast 1 to 5 rooms,3686765.95049,525749.206909,LA,70114
368,1100 Tulane Ave,CANOPY NEW ORLEANS DOWNTOWN,2023-02-16,HOTELS (EXC CASINO HOTELS) & MOTELS,3679525.41359,530989.102722,LA,70112
252,4125 St Charles Ave,THE CHLOE,2020-12-29,HOTELS (EXC CASINO HOTELS) & MOTELS,3671719.07156,521138.351225,LA,70115
267,7418 Chef Menteur Hwy,7418 CHEF MENTEUR LLC,2023-08-11,HOTELS (EXC CASINO HOTELS) & MOTELS,3702787.00727,552270.623318,LA,70126
319,1365 Constance St,URBANIA HOUSE,2023-06-30,Bed & Breakfast 1 to 5 rooms,3680741.91727,524633.168316,LA,70130
230,1250 Poydras St,HYATT HOUSE NEW ORLEANS DOWNTOWN,2015-10-29,HOTELS (EXC CASINO HOTELS) & MOTELS,3678736.86037,529752.634305,LA,70113
329,114 Magazine St,BEST WEST ST CHRIS HOTEL,2004-06-22,HOTELS (EXC CASINO HOTELS) & MOTELS,3681755.46101,530010.965505,LA,70130
302,1503 Tchoupitoulas St,1503 GUEST HOUSE LLC,2016-02-01,BED & BREAKFAST INNS,3682225.65532,523280.484411,LA,70130
127,501 Decatur St,FRENCH MARKET INN,2011-05-16,HOTELS (EXC CASINO HOTELS) & MOTELS,3682698.61692,531451.455555,LA,70130
135,131 Decatur St,LA GALERIE,2015-10-20,HOTELS (EXC CASINO HOTELS) & MOTELS,3681969.35208,530489.314306,LA,70130
106,730 Dumaine St,FRENCH QUARTER MANSION BOUTIQUE HOTEL,2017-02-03,HOTELS (EXC CASINO HOTELS) & MOTELS,3682772.97532,533182.370372,LA,70116
337,500 St Charles Ave,BLAKE HOTEL NEW ORLEANS,2011-10-24,HOTELS (EXC CASINO HOTELS) & MOTELS,3680716.76725,529174.737728,LA,70130
189,821 Gravier St,HILTON GARDEN INN FRENCH QUARTER/CBD,2019-10-31,HOTELS (EXC CASINO HOTELS) & MOTELS,3680309.65109,530352.318978,LA,70112
228,625 Marigny St,RIVER HOUSE NEW ORLEANS,2014-02-17,BED & BREAKFAST INNS,3685577.73929,534770.980742,LA,70117
275,740 Mountain View Ave,SAXONY MANAGEMENT,2023-10-31,HOTELS (EXC CASINO HOTELS) & MOTELS,3678691.8167,530187.70942,CA,91016
20,2466 Burgundy St,MARIGNY JEWEL,2015-08-06,BED & BREAKFAST INNS,3686393.27042,535663.178439,LA,70117
333,519 Frenchmen St,FESTIVA RESORTS,2007-09-21,HOTELS (EXC CASINO HOTELS) & MOTELS,3684789.48412,534323.479877,LA,70116
123,717 Barracks St,ROYAL BARRACKS GUEST HOUSE,1997-04-14,ROOMING & BOARDING HOUSES,3683773.91612,534314.965125,LA,70116
316,1430 St Charles Ave,SONDER USA,2021-11-29,HOTELS (EXC CASINO HOTELS) & MOTELS,3679374.93954,525513.955069,LA,70130
216,P.O. Box 24127 St,SCHIRO'S GUEST HOUSE,2003-01-02,BED & BREAKFAST INNS,3678691.8167,530187.70942,LA,70184
255,1800 Canal St,ORLEANS HOUSE LLC,2021-06-22,HOTELS (EXC CASINO HOTELS) & MOTELS,3677999.75579,532962.26458,LA,70119
237,1119 N Rampart St,FRENCH QUARTER SUITES,2018-11-14,HOTELS (EXC CASINO HOTELS) & MOTELS,3682331.76936,534701.63239,LA,70116
296,300 Poydras St,LOEWS NEW ORLEANS HOTEL,2014-02-14,HOTELS (EXC CASINO HOTELS) & MOTELS,3682130.82364,528855.199296,LA,70130
125,800 Iberville St,HYATT FRENCH QUARTER,2008-07-01,HOTELS (EXC CASINO HOTELS) & MOTELS,3681110.35407,531230.922882,LA,70112
266,1630 N Galvez St,BERNARDO DE GALVEZ INN,2023-03-06,Bed & Breakfast 1 to 5 rooms,3680962.41781,539039.329674,LA,70116
164,715 St Ferdinand St,KATE & DAVES BED & BREAKFAST,2001-04-18,BED & BREAKFAST INNS,3687413.4799,534943.823942,LA,70117-7367
31,1111 Gravier,THE TROUBADOUR,2019-06-20,HOTELS (EXC CASINO HOTELS) & MOTELS,3678691.8167,530187.70942,LA,70112
297,430 Bermuda St,MAISON TOURISTE,2015-02-12,BED & BREAKFAST INNS,3686685.19945,530283.176513,LA,70114
54,1520 Ursulines Ave,HISTORIC URSULINES COTTAGE,2014-10-23,BED & BREAKFAST INNS,3681047.18939,535442.019974,LA,70116
144,4545 Magnolia St,ALDER HOTEL UPTOWN,2017-08-03,HOTELS (EXC CASINO HOTELS) & MOTELS,3669788.35086,524763.249148,LA,70115
63,2109 Chartres St,W.M.COX,2018-09-21,BED & BREAKFAST INNS,3684826.66185,534524.719109,LA,70116
80,5035 Chef Menteur Hwy,NEW ORLEANS INN,1986-03-17,Traveler Accomodation,3693062.23427,550655.183572,LA,70126
36,1016 Canal St,SONDER USA,2020-10-02,HOTELS (EXC CASINO HOTELS) & MOTELS,3680130.69384,531361.329858,LA,70112
379,710 Baronne St,SOUTH MARKET PROPERTIES LLC,2023-08-21,HOTELS (EXC CASINO HOTELS) & MOTELS,3679752.52629,528655.000128,LA,70113
309,1201 Convention Center Blvd,HAMPTON INN & SUITES NEW ORLEANS-CONVENTION CENTER,2020-04-24,HOTELS (EXC CASINO HOTELS) & MOTELS,3682617.3261,525900.845757,LA,70130
168,1172 City Park Ave,OAKVIEW BED & BREAKFAST,2009-02-16,BED & BREAKFAST INNS,3673677.07041,541418.70638,LA,70119
38,822 Howard Ave,SEXTANT STAYS,2021-12-13,HOTELS (EXC CASINO HOTELS) & MOTELS,3679578.88789,527406.069311,LA,70113
139,346 Baronne St,FAIRFIELD INN & SUITES,2016-06-08,HOTELS (EXC CASINO HOTELS) & MOTELS,3680067.08187,529922.562625,LA,70112
170,123 Baronne St,THE ROOSEVELT HOTEL WAC,2009-07-01,HOTELS (EXC CASINO HOTELS) & MOTELS,3680371.07893,530940.837378,LA,70112
190,925  Common St,925 COMMON,2019-11-27,HOTELS (EXC CASINO HOTELS) & MOTELS,3679946.17397,530891.414786,LA,70112
104,2031 Saint Charles Ave,APARIUM HOTEL GROUP,2016-05-24,HOTELS (EXC CASINO HOTELS) & MOTELS,3677933.48789,524054.419644,LA,70130
278,214 Royal St,MONTELEONE HOTEL,1968-01-01,HOTELS (EXC CASINO HOTELS) & MOTELS,3681611.07157,531183.872066,LA,70130
151,747 St Charles Ave,LITTLE LAGNIAPPE HOTEL LLC,2024-01-05,HOTELS (EXC CASINO HOTELS) & MOTELS,3680394.22895,528213.912448,LA,70130
224,9300 Chef Menteur Hwy,WEBBER'S MOTEL,2012-08-06,HOTELS (EXC CASINO HOTELS) & MOTELS,3710066.57937,553782.809815,LA,70127
364,1300 Canal St,HAMPTON INN,2021-04-27,HOTELS (EXC CASINO HOTELS) & MOTELS,3679515.34165,531836.453187,LA,70112
272,1700 Jackson Ave,LIONS GATE MANSION,2021-02-26,BED & BREAKFAST INNS,3677299.88827,524042.939708,LA,70113
85,300 S Norman C Francis Pkwy,ENTROPY ROOMS,1992-04-12,ROOMING & BOARDING HOUSES,3672825.83284,535970.148551,LA,70119-6232
96,1024 Chartres St,HOTEL PROVINCIAL,2011-09-20,HOTELS (EXC CASINO HOTELS) & MOTELS,3683657.95733,533248.455172,LA,70116
343,1653 N Broad St,NEW ORLEANS FESTIVAL HOUSE,2014-10-20,BED & BREAKFAST INNS,3679332.66651,540588.565323,LA,70119
52,2705 Chestnut St,PARKS BOWMAN HOUSE,2013-07-03,Bed & Breakfast 1 to 5 rooms,3676826.39893,521633.242745,LA,70130
376,2515 Chartres St,LIONS INN,2023-07-14,BED & BREAKFAST INNS,3686408.81634,534639.240134,LA,70117
128,1005 St Peter St,ST. PETER GUEST HOUSE,2011-07-01,HOTELS (EXC CASINO HOTELS) & MOTELS,3681654.22882,533136.698692,LA,70116
121,2316 Dauphine St,LA DAUPHINE,1996-11-15,BED & BREAKFAST INNS,3685647.06697,535191.64455,LA,70117
220,901 Poydras St,HOMEWOOD SUITES - NEW ORLEANS,2006-12-14,HOTELS (EXC CASINO HOTELS) & MOTELS,3679896.88411,529657.320385,LA,70112
157,315 Magazine St,THE ELIZA JANE HOTEL COUVANT AND THE PRESSROOM,2023-12-04,HOTELS (EXC CASINO HOTELS) & MOTELS,3681573.81852,529596.227969,LA,70130
251,301 St Charles Ave,SONDER USA INC,2020-01-01,HOTELS (EXC CASINO HOTELS) & MOTELS,3680854.07381,530040.692737,LA,70130
162,124 St Charles Ave,COURTYARD BY MARRIOTT IMB-[H/P],1995-09-01,HOTELS (EXC CASINO HOTELS) & MOTELS,3681046.1949,530381.527042,LA,70130
281,2253 Carondelet St,MARQUETTE HOUSE HOTEL,1991-02-25,HOTELS (EXC CASINO HOTELS) & MOTELS,3676973.57262,523798.761339,LA,70130
248,1211 Governor Nicholls St,PENELOPE B B,2019-05-01,BED & BREAKFAST INNS,3682126.22677,535194.644486,LA,70116
236,2513 Burgundy St,THE BURGUNDY BED AND BREAKFAST,2018-05-29,BED & BREAKFAST INNS,3686681.0253,535744.589127,LA,70117
65,315 Julia St,EMBASSY SUITES CONVENTION CENTER,2018-12-14,HOTELS (EXC CASINO HOTELS) & MOTELS,3682106.51797,527638.180735,LA,70130
7,623 Ursulines Ave,HAUNTED HOTEL ON URSULINES-HOTEL,2006-04-26,ROOMING & BOARDING HOUSES,3683581.0006,533548.882693,LA,70116
103,600 Carondelet St,ACE HOTEL,2016-03-08,HOTELS (EXC CASINO HOTELS) & MOTELS,3680235.16879,528927.008512,LA,70130
199,1130 Baronne St,1130 BARONNE,2021-02-11,HOTELS (EXC CASINO HOTELS) & MOTELS,3679037.1165,526912.273726,LA,70113
113,320 Decatur St,BIENVILLE HOUSE MOTOR HOTEL,1974-01-01,HOTELS (EXC CASINO HOTELS) & MOTELS,3682413.31324,530959.820226,LA,70130
290,228 Poydras St,HARRAH'S POYDRAS HOTEL,2006-09-17,CASINO HOTELS,3682272.06844,528907.947328,LA,70130
341,4950 Chef Menteur Hwy,ROYAL INN OF NEW ORLEANS,2013-01-05,HOTELS (EXC CASINO HOTELS) & MOTELS,3692769.16221,550242.836884,LA,70126
24,3636 Saint Charles Ave,ST. CHARLES INN - SUPERIOR HOTEL,2016-08-18,HOTELS (EXC CASINO HOTELS) & MOTELS,3673333.46516,521069.859257,LA,70115
225,723 Marigny St,723 MARIGNY,2012-10-03,BED & BREAKFAST INNS,3685564.32834,535086.395846,LA,70117
263,1805/1809 Magazine St,TERRAVET REAL ESTATE FUND III LP,2022-06-22,ROOMING & BOARDING HOUSES,3678691.8167,530187.70942,LA,70130
286,700 Tchoupitoulas St,RENAISSANCE ARTS HOTEL,2003-08-18,HOTELS (EXC CASINO HOTELS) & MOTELS,3681790.4134,528093.443135,LA,70130
288,2438 Royal St,ROYAL STREET COURTYARD,2004-08-02,HOTELS (EXC CASINO HOTELS) & MOTELS,3686198.55337,534922.67847,LA,70117
223,2216 Esplanade Ave,LA BELLE ESPLANADE,2012-06-29,BED & BREAKFAST INNS,3679424.8813,537915.214793,LA,70119
172,3620 Canal St,CANAL STREET INN,2011-10-24,HOTELS (EXC CASINO HOTELS) & MOTELS,3672371.72487,537235.813256,LA,70119
49,300 Gravier St,WINDSOR COURT HOTEL,2009-10-01,HOTELS (EXC CASINO HOTELS) & MOTELS,3682094.21813,529453.277569,LA,70130
21,1025 Alvar St,BY H20 BEAUTY,2015-09-10,BED & BREAKFAST INNS,3691467.57654,535150.43239,LA,70117
42,4940 Chef Menteur Hwy,ECONO LODGE,2001-10-10,HOTELS (EXC CASINO HOTELS) & MOTELS,3692664.04035,550162.042772,LA,70126-5016
320,920 N Rampart St,BEST WESTERN FRENCH QUARTER   LANDMARK HOTEL,1981-01-01,HOTELS (EXC CASINO HOTELS) & MOTELS,3682008.16271,534059.252613,LA,70116
184,631 Desire St,631 DESIRE LLC,2017-05-31,BED & BREAKFAST INNS,3689813.32739,534083.220229,LA,70117
61,1003 Bourbon St,LAFITTE GUEST HOUSE,2017-08-30,HOTELS (EXC CASINO HOTELS) & MOTELS,3682910.07733,533639.572101,LA,70116
280,1931 Orleans Ave,R & B ROOMS,1988-01-01,ROOMING & BOARDING HOUSES,3679105.96098,535350.26855,LA,70116
46,1441 Magazine St,TERRELL HOUSE,2004-03-26,BED & BREAKFAST INNS,3680239.9588,524166.015356,LA,70130
109,527 Mandeville St,CHATEAU MANAGEMENT,2018-07-10,BED & BREAKFAST INNS,3685970.79548,534465.475141,LA,70117
209,2836 Lasalle St,DEW DROP INN,2023-12-13,HOTELS (EXC CASINO HOTELS) & MOTELS,3674086.37339,524683.212412,LA,70115
247,501 Tchoupitoulas St,HOTEL FONTENOT,2019-08-08,HOTELS (EXC CASINO HOTELS) & MOTELS,3681811.71298,528981.979328,LA,70130
335,300 Gravier St,WINDSOR COURT HOTEL,2009-10-01,HOTELS (EXC CASINO HOTELS) & MOTELS,3682094.21813,529453.277569,LA,70130
325,221 Camp St,INTERNATIONAL HOUSE HOTEL,2002-04-24,HOTELS (EXC CASINO HOTELS) & MOTELS,3681242.44879,529949.815745,LA,70130
126,820 Poydras St,DRURY INN NEW ORLEANS,2009-02-16,HOTELS (EXC CASINO HOTELS) & MOTELS,3680155.40034,529418.415425,LA,70112
181,1123 Marais St,MARAIS HOUSE,2017-03-28,BED & BREAKFAST INNS,3681553.89218,535351.395206,LA,70116
253,1476 Magazine St,TRAVELERS NEW ORLEANS,2021-04-05,BED & BREAKFAST INNS,3680248.58127,523889.78438,LA,70130
37,4180 Old Gentilly Road,DAYS INN,2021-11-10,HOTELS (EXC CASINO HOTELS) & MOTELS,3678691.8167,530187.70942,LA,70126
35,3435 Dryades St,MARSH HOTEL LLC,2020-08-07,HOTELS (EXC CASINO HOTELS) & MOTELS,3673440.65396,522445.607482,LA,70115
219,523 Gravier St,LOFT 523,2002-04-24,HOTELS (EXC CASINO HOTELS) & MOTELS,3681471.57871,529830.689857,LA,70130
45,2 Poydras St,HILTON N O RIVERSIDE HOTEL,2004-01-01,HOTELS (EXC CASINO HOTELS) & MOTELS,3683045.57205,528712.8144,LA,70130
277,2301-2329 Burgundy St,HOTEL PETER & PAUL,2024-03-27,HOTELS (EXC CASINO HOTELS) & MOTELS,3678691.8167,530187.70942,LA,70117
268,104 St Charles Ave,THE RUBENSTEIN HOTEL,2024-01-02,HOTELS (EXC CASINO HOTELS) & MOTELS,3681125.96872,530513.066306,LA,70130
373,301 Camp St,LA QUINTA INNS & SUITES NEW ORLEANS DOWNTOWN,2023-04-21,HOTELS (EXC CASINO HOTELS) & MOTELS,3681218.45218,529834.138049,LA,70130
50,621 Esplanade Ave,LAMOTHE HOUSE,2012-05-27,HOTELS (EXC CASINO HOTELS) & MOTELS,3684236.55516,534348.340357,LA,70130
140,1731 Esplanade Ave,FIVE CONTINENTS,2016-07-27,BED & BREAKFAST INNS,3680829.19087,537005.166344,LA,70116
205,201 N Rampart St,SONDER USA INC.,2021-12-17,HOTELS (EXC CASINO HOTELS) & MOTELS,3680252.24763,531998.461507,LA,70112
307,2360 Marais St,MAISON MARAIS,2019-12-02,Bed & Breakfast 1 to 5 rooms,3686268.79369,536741.632007,LA,70117
238,10020 I-10 Service Rd,QUALITY INN,2018-12-22,HOTELS (EXC CASINO HOTELS) & MOTELS,3678691.8167,530187.70942,LA,70127
198,8542 Chef Menteur Hwy,BUDGET INN EXPRESS,2020-04-28,HOTELS (EXC CASINO HOTELS) & MOTELS,3707060.68638,553179.547799,LA,70127
345,2125 Laurel St,OLD LA LA'S CREOLE COTTAGE,2015-09-30,BED & BREAKFAST INNS,3679422.33858,521628.256313,LA,70130
306,300 Canal St,DOUBLETREE HOTEL,2019-10-21,HOTELS (EXC CASINO HOTELS) & MOTELS,3682141.64501,529800.594625,LA,70130
171,612 St Philip St,ST. PHILIP FRENCH QUARTER APARTMENTS,2011-08-22,HOTELS (EXC CASINO HOTELS) & MOTELS,3683391.22671,533161.426756,LA,70116
32,1125 Frenchmen St,FRENCHMEN HOUSE LLC,2019-08-30,BED & BREAKFAST INNS,3684660.2198,536494.022983,LA,70116
73,1730 Clio St,THE SYD,2021-03-19,HOTELS (EXC CASINO HOTELS) & MOTELS,3679086.15368,526729.273022,LA,70113
202,333 Poydras St,LE MERIDIEN,2021-05-12,HOTELS (EXC CASINO HOTELS) & MOTELS,3682119.68354,529146.713216,LA,70130
348,1625 Pauger St,MARK & RON'S B&B,2016-08-29,Bed & Breakfast 1 to 5 rooms,3683945.58863,535711.913351,LA,70116
11,2711 Dauphine St,ENGINE 24 FIREHOUSE,2011-03-10,BED & BREAKFAST INNS,3687231.21481,535253.828806,LA,70117
83,124 S Lopez St,INDIA HOUSE BACKPACKERS HOTEL,1991-04-09,HOTELS (EXC CASINO HOTELS) & MOTELS,3673800.0578,535992.501319,LA,70119
8,2111 St. Charles Ave,EXTRA HOLIDAYS,2007-02-06,HOTELS (EXC CASINO HOTELS) & MOTELS,3678691.8167,530187.70942,LA,70130
33,1227 Esplanade Ave,RATHBONE MANSIONS,2019-10-24,HOTELS (EXC CASINO HOTELS) & MOTELS,3682458.19132,535751.679879,LA,70116
295,739 Canal St,ASTOR CROWN PLAZA NEW ORLEANS ATTN: DIR. OF FIN.,2013-09-26,HOTELS (EXC CASINO HOTELS) & MOTELS,3681011.37141,530920.698434,LA,70130
233,2028-30 Iberville St,2028-30 IBERVILLE LLC,2017-12-04,HOTELS (EXC CASINO HOTELS) & MOTELS,3678691.8167,530187.70942,LA,70112
300,344 Camp St,QUEEN & CRESCENT HOTEL,2015-12-29,HOTELS (EXC CASINO HOTELS) & MOTELS,3681226.95074,529538.247873,LA,70130
110,1911 Royal St,MASON D'OR,2018-07-24,BED & BREAKFAST INNS,3684279.65218,534769.419334,LA,70116
88,1221 Harmony St,MAISON LAFAYETTE,2000-02-08,BED & BREAKFAST INNS,3675594.77537,520511.667768,LA,70115
16,910 Iberville St,COURTYARD NEW ORLEANS DOWNTOWN/IBERVILLE,2012-09-19,HOTELS (EXC CASINO HOTELS) & MOTELS,3680748.53819,531520.528643,LA,70130
77,301 Dauphine St,CHATEAU LEMOYNE  ATTN: FINANCE DEPT:,1979-01-15,HOTELS (EXC CASINO HOTELS) & MOTELS,3681071.89531,531801.477827,LA,70112
90,1333 Esplanade Ave,ANTEBELLUM GUEST HOUSE,2002-02-08,BED & BREAKFAST INNS,3681977.05096,536105.172103,LA,70116
149,1234 Chartres St,LE RICHELIEU,2019-10-16,HOTELS (EXC CASINO HOTELS) & MOTELS,3684118.27682,533877.608325,LA,70116
166,612 Marigny St,A CRESCENT CITY GUEST,2002-07-29,BED & BREAKFAST INNS,3685519.43606,534668.187974,LA,70117
75,226 Carondelet St,HAMPTON INN & SUITES NEW ORLEANS DOWNTOWN,2023-06-02,HOTELS (EXC CASINO HOTELS) & MOTELS,3680577.63528,530289.810113,LA,70130
245,1300 Canal Street,HOTEL VINACHE,2023-08-28,HOTELS (EXC CASINO HOTELS) & MOTELS,3678691.8167,530187.70942,LA,70112
12,600 St Charles Ave,LAFAYETTE HOTEL,2011-05-16,HOTELS (EXC CASINO HOTELS) & MOTELS,3680589.62594,528688.248768,LA,70130
57,1001 Chartres St,CHATEAU HOTEL,2016-05-18,HOTELS (EXC CASINO HOTELS) & MOTELS,3683541.43081,533241.886852,LA,70130
40,2001 St Charles Ave,ST CHARLES COACH HOUSE,1998-03-01,HOTELS (EXC CASINO HOTELS) & MOTELS,3678096.03714,524165.972284,LA,70130
155,422 Gravier,422 GRAVIER,2023-07-25,HOTELS (EXC CASINO HOTELS) & MOTELS,3678691.8167,530187.70942,LA,70130
196,5200 Danneel St,SYCAMORE HOUSE,2021-07-23,Bed & Breakfast 1 to 5 rooms,3668105.02324,522106.99513,LA,70115
369,127 Carondelet St,SEXTANT STAYS,2022-09-08,HOTELS (EXC CASINO HOTELS) & MOTELS,3680694.85199,530693.797954,LA,70112
17,726 Frenchmen St,NONI'S NOLA ON FRENCHMAN,2013-12-03,BED & BREAKFAST INNS,3684659.78793,535055.56871,LA,70116
44,2418 Magazine St,GARDEN DISTRICT B & B,2003-07-25,BED & BREAKFAST INNS,3677956.30075,521361.025849,LA,70130
240,546 Carondelet St,MAISON DE LA LUZ,2019-01-01,HOTELS (EXC CASINO HOTELS) & MOTELS,3680269.36738,529059.14944,LA,70130
222,2203 St Charles Ave,HOTEL INDIGO- BAR AND GARAGE,2012-12-28,HOTELS (EXC CASINO HOTELS) & MOTELS,3677495.31573,523719.503355,LA,70130
380,1625 Prytania St,OAB HOTELS,2023-10-31,HOTELS (EXC CASINO HOTELS) & MOTELS,3679316.96482,524838.397116,LA,70130
100,444 St Charles Ave,INTER - CONTINENTAL ROOMS,2013-02-26,HOTELS (EXC CASINO HOTELS) & MOTELS,3680823.64776,529600.982337,LA,70130
363,444 Common St,THE PELHAM HOTEL,2020-12-10,HOTELS (EXC CASINO HOTELS) & MOTELS,3681787.72476,529872.271553,LA,70130
353,2317 Burgundy St,PETER AND PAUL HOTEL,2018-09-13,HOTELS (EXC CASINO HOTELS) & MOTELS,3685604.03804,535686.672647,LA,70117
274,1618 Prytania St,GRAY STREET HOTEL,2023-11-01,HOTELS (EXC CASINO HOTELS) & MOTELS,3679403.82242,524791.190844,LA,70130
321,500 Canal St,SHERATON NEW ORLEANS HOTEL,1982-10-31,HOTELS (EXC CASINO HOTELS) & MOTELS,3681620.18831,530215.835265,LA,70130
79,616 Ursulines Ave,HOTEL VILLA CONVENTO,1984-01-01,HOTELS (EXC CASINO HOTELS) & MOTELS,3683605.57532,533463.050756,LA,70116
371,1600 Canal St,SPRINGHILL SUITES NEW ORLEANS DOWNTOWN CANAL S,2023-02-20,HOTELS (EXC CASINO HOTELS) & MOTELS,3678593.30325,532525.416708,LA,70112
264,2301 Dauphine St,EXCOGITATE LLC,2022-11-11,Bed & Breakfast 1 to 5 rooms,3685559.45929,535292.272582,LA,70117
69,1028 Canal St,HI-NEW ORLEANS HOSTELLING INTERNATIONAL USA,2019-08-14,HOTELS (EXC CASINO HOTELS) & MOTELS,3680054.03842,531415.673411,LA,70112
68,2222 Burgundy St,MAISON GRACE,2019-03-27,HOTELS (EXC CASINO HOTELS) & MOTELS,3685295.95573,535571.558086,LA,70117
242,300 Canal St,DOUBLETREE NEW ORLEANS,2019-10-21,HOTELS (EXC CASINO HOTELS) & MOTELS,3682141.64501,529800.594625,LA,70130
10,1001 S Peters St,HG NEW ORLEANS CONVENTION CENTER,2010-11-17,HOTELS (EXC CASINO HOTELS) & MOTELS,3682223.61666,526508.956862,LA,70130
265,6322 Chef Menteur Hwy,SUPER 8,2022-11-15,HOTELS (EXC CASINO HOTELS) & MOTELS,3698246.04771,551387.310997,LA,70126
317,1600 Canal Street,TOWNEPLACE SUITES BY MARRIOTT NEW ORLEANS,2022-01-13,HOTELS (EXC CASINO HOTELS) & MOTELS,3678691.8167,530187.70942,LA,70112
350,632 Tchoupitoulas St,CAMBRIA NEW ORLEANS DOWNTOWN,2017-08-24,HOTELS (EXC CASINO HOTELS) & MOTELS,3681815.26069,528367.977216,LA,70130
375,1028 Port St,GATOR BREAUX LLC,2023-06-13,Bed & Breakfast 1 to 5 rooms,3687336.89679,536206.321479,LA,70117
203,1502 Elysian Fields Ave,NITEY NITE INN LLC,2021-07-03,HOTELS (EXC CASINO HOTELS) & MOTELS,3684735.89961,537803.151368,LA,70116
129,1013 St Ann St,CREOLE HOUSE,2011-07-01,HOTELS (EXC CASINO HOTELS) & MOTELS,3681848.93237,533510.012804,LA,70116
212,905 Royal St,905 ROYAL HOTEL,1999-01-01,HOTELS (EXC CASINO HOTELS) & MOTELS,3683024.79112,533123.2825,LA,70116
188,P.O. Box 24127,ESPLANADE GUEST HOUSE,2019-10-24,BED & BREAKFAST INNS,3678691.8167,530187.70942,LA,70184
246,1525 Prytania St,DREAMING TREE HOTEL,2023-10-31,HOTELS (EXC CASINO HOTELS) & MOTELS,3679453.15503,525221.222909,LA,70130
19,3110 Napoleon Ave,MARCELIN'S ON NAPOLEON,2015-01-13,BED & BREAKFAST INNS,3670171.3483,526328.89491,LA,70125
175,1247 Esplanade Ave,STATELY HOME GUEST HOUSE,2015-05-08,BED & BREAKFAST INNS,3682323.41461,535838.931975,LA,70116
51,2203 St Charles Ave,HOTEL INDIGO NO GARDEN DISTRICT - MAIN,2012-10-15,HOTELS (EXC CASINO HOTELS) & MOTELS,3677495.31573,523719.503355,LA,70130
204,13552 Chef Menteur Hwy,RODEWAY INN & SUITES,2021-06-01,HOTELS (EXC CASINO HOTELS) & MOTELS,3726825.33881,559823.768925,LA,70129
14,1834 Esplanade Ave,LA RUE ESPLANADE,2012-07-23,BED & BREAKFAST INNS,3680406.09858,537143.063304,LA,70116
39,828 Toulouse St,OLIVIER HOUSE HOTEL,1983-12-10,HOTELS (EXC CASINO HOTELS) & MOTELS,3681761.7565,532463.443396,LA,70112
312,550 Baronne St,VIRGIN HOTELS NEW ORLEANS,2021-07-19,HOTELS (EXC CASINO HOTELS) & MOTELS,3679871.27515,529133.143296,LA,70113
200,1210 N Galvez St,TREME BLUE HOUSE EFILE,2021-02-01,BED & BREAKFAST INNS,3679571.14485,537208.9634,LA,70119
147,535 Gravier St,ROYAL CRESCENT HOTEL,2018-05-11,HOTELS (EXC CASINO HOTELS) & MOTELS,3681380.40188,529871.606401,LA,70130
192,519 Frenchmen St,FRENCHMEN ORLEANS AT 519,2020-04-22,HOTELS (EXC CASINO HOTELS) & MOTELS,3684789.48412,534323.479877,LA,70116
294,1466 Magazine St,CARRIE'S COOL PROPERTIES,2013-08-19,BED & BREAKFAST INNS,3680268.21583,523964.787068,LA,70130
138,2031 Saint Charles Ave,PONTCHARTRAIN HOTEL,2016-06-03,HOTELS (EXC CASINO HOTELS) & MOTELS,3677933.48789,524054.419644,LA,70130
6,817 Common St,RENAISSANCE PERE MARQUETTE,2001-10-19,HOTELS (EXC CASINO HOTELS) & MOTELS,3680475.86792,530608.104258,LA,70112
174,535 Tchoupitoulas St,THE OLD NO. 77 HOTEL & CHANDLERY - MAIN,2013-07-31,HOTELS (EXC CASINO HOTELS) & MOTELS,3681770.35599,528753.487296,LA,70130
159,2222 Poydras St,DA EMPIRE,2024-01-30,HOTELS (EXC CASINO HOTELS) & MOTELS,3674729.46049,531731.397187,LA,70119
132,1118 Ursulines Ave,NEW ORLEANS GUEST HOUSE,2014-02-03,HOTELS (EXC CASINO HOTELS) & MOTELS,3682108.93615,534627.713606,LA,70116
178,1447 N Villere St,FLORVILLE MANOR,2016-09-29,BED & BREAKFAST INNS,3682066.19778,536534.697031,LA,70116
322,335 Dauphine St,TONY'S FRENCH QUARTER ROOMS,1988-09-01,ROOMING & BOARDING HOUSES,3681244.88546,531979.758723,LA,70112
81,625 St Ann St,PLACE D'ARMES HOTEL,1985-01-01,HOTELS (EXC CASINO HOTELS) & MOTELS,3682938.90351,532682.783108,LA,70116-3212
331,415 Dauphine St,DAUPHINE ORLEANS HOTEL,2007-03-06,HOTELS (EXC CASINO HOTELS) & MOTELS,3681389.20968,532174.732931,LA,70112
349,1244 Esplanade Ave,RATHB0NE MANSIONS,2017-08-11,HOTELS (EXC CASINO HOTELS) & MOTELS,3682206.4084,535755.644103,LA,70116
167,859 Convention Center Blvd,NEW ORLEANS MARRIOTT AT THE CONVENTION CENTER-[H/P,2005-07-06,HOTELS (EXC CASINO HOTELS) & MOTELS,3682585.40232,527078.519806,LA,70130
372,210 O'Keefe Ave,MOXY NEW ORLEANS DOWNTOWN/FQR AREA,2023-04-14,HOTELS (EXC CASINO HOTELS) & MOTELS,3679876.32213,530778.312898,LA,70112
28,129 Burgundy St,CHH-NOLA LLC,2018-01-16,HOTELS (EXC CASINO HOTELS) & MOTELS,3680471.87599,531572.241091,LA,70112
344,221 Carondelet St,AC HOTEL NEW ORLEANS BOURBON/FRENCH QUARTER AREA,2015-08-20,HOTELS (EXC CASINO HOTELS) & MOTELS,3680519.79951,530366.105858,LA,70130
76,330 Loyola Ave,HOLIDAY INN DTN SUPERDOME HTM,1968-04-01,HOTELS (EXC CASINO HOTELS) & MOTELS,3679294.58299,530648.055362,LA,70112
226,911 Burgundy St,HOTEL ST PIERRE,2013-03-27,HOTELS (EXC CASINO HOTELS) & MOTELS,3682147.72936,533778.825413,LA,70116
276,7930 Chef Menteur Hwy,GLENROSE MOTEL,2003-05-05,HOTELS (EXC CASINO HOTELS) & MOTELS,3704841.65419,552656.111766,LA,70126-5344
120,7214 Pontchartrain Blvd,ROSE MANOR,1998-05-20,HOTELS (EXC CASINO HOTELS) & MOTELS,3666483.04826,555018.894297,LA,70124
208,1311 Touro St,LAUREN FRED,2023-05-09,Bed & Breakfast 1 to 5 rooms,3684189.74594,537091.04948,LA,70116
358,300 S Rampart St,SONDER,2019-10-18,HOTELS (EXC CASINO HOTELS) & MOTELS,3679591.33845,530565.590402,LA,70112
137,2041 Prytania St,HENRY HOWARD HOTEL,2016-02-01,HOTELS (EXC CASINO HOTELS) & MOTELS,3678226.50318,523609.348539,LA,70130
161,827 Toulouse St,HOTEL ST MARIE,1987-08-01,HOTELS (EXC CASINO HOTELS) & MOTELS,3681906.18293,532581.968004,LA,70112-3421
43,819 Mandeville St,SUNBURST INN,2002-08-08,BED & BREAKFAST INNS,3685875.79446,535461.806278,LA,70117
351,2036-38 Iberville St,2036-38 IBERVILLE,2017-12-04,HOTELS (EXC CASINO HOTELS) & MOTELS,3678691.8167,530187.70942,LA,70112
365,1531 Ursulines Ave,RE NEW ORLEANS PROPERTY MANAGEMENT,2021-04-26,BED & BREAKFAST INNS,3681025.50997,535549.368454,LA,70116
298,6061 Chef Menteur Hwy,MONTE CARLO MOTEL,2015-09-02,HOTELS (EXC CASINO HOTELS) & MOTELS,3697070.17898,551822.851414,LA,70125
201,623 Canal St,SONDER USA,2021-04-06,HOTELS (EXC CASINO HOTELS) & MOTELS,3681345.36917,530672.83117,LA,70130
142,3820 Burgundy St,MAISON MACARTY,2017-05-22,BED & BREAKFAST INNS,3691196.23792,534582.114757,LA,70117
94,115 Decatur St,BLUEGREEN RESORTS MANAGEMENT,2008-07-01,HOTELS (EXC CASINO HOTELS) & MOTELS,3681895.3037,530392.642114,LA,70130
234,601 Elysian Fields Ave,MAISON DES LUNES LLC,2018-01-31,BED & BREAKFAST INNS,3685231.96367,534546.884613,LA,70117
185,727 S Peters St,THE MERCHANTILE HOTEL,2018-05-29,HOTELS (EXC CASINO HOTELS) & MOTELS,3682204.11989,527915.005567,LA,70130
152,131 Carondelet St,SONDER USA INC.,2021-11-29,HOTELS (EXC CASINO HOTELS) & MOTELS,3680681.33877,530654.194882,LA,70112
101,6042 Chef Menteur Hwy,BEST WAY INN & SUITES & TRAILOR PARK,2014-04-15,HOTELS (EXC CASINO HOTELS) & MOTELS,3697039.48599,551082.256597,LA,70126
241,8400 Interstate 10 Service Rd,RODEWAY INN & SUITES,2019-05-01,HOTELS (EXC CASINO HOTELS) & MOTELS,3678691.8167,530187.70942,LA,70127
221,201 Baronne St,DELTA PROFICIENT MANAGEMENT LLC,2008-01-31,HOTELS (EXC CASINO HOTELS) & MOTELS,3680155.78946,530664.581762,LA,70112
303,1101 N Rampart St,NEW ORLEANS COURTYARD HOTEL,2018-11-14,HOTELS (EXC CASINO HOTELS) & MOTELS,3682247.68156,534592.556165,LA,70116
156,1421 Bourbon St,LA MAISON BOURBON,2023-07-11,BED & BREAKFAST INNS,3683910.18069,534784.993094,LA,70116
283,2020 Burgundy St,SUN OAK MUSEUM AND GUEST HOUSE,1995-02-22,BED & BREAKFAST INNS,3684488.37705,535509.685382,LA,70116
60,315 Magazine St,THE ELIZA JANE HOTEL,2016-11-29,HOTELS (EXC CASINO HOTELS) & MOTELS,3681573.81852,529596.227969,LA,70130
99,1216 Annunciation St,FLEUR DE LIS MANSION,2013-02-15,BED & BREAKFAST INNS,3681437.92149,525320.328189,LA,70130
177,530 Natchez St,THE NATCHEZ NEW ORLEANS MT,2016-01-13,HOTELS (EXC CASINO HOTELS) & MOTELS,3681314.0454,529450.096385,LA,70130
133,1021 Kerlerec St,MAISON DE LAGNIAPPE,2014-10-02,BED & BREAKFAST INNS,3683275.94882,535511.576966,LA,70116
41,300 Julia St,COURTYARD BY MARRIOTT #1MK-[H/P],1998-12-01,HOTELS (EXC CASINO HOTELS) & MOTELS,3682118.57461,527528.878975,LA,70130
229,2 Poydras St,HILTON NEW ORLEANS RIVERSIDE,2015-04-01,HOTELS (EXC CASINO HOTELS) & MOTELS,3683045.57205,528712.8144,LA,70130
291,7418 Chef Menteur Hwy,A & C CORPORATION,2012-07-09,HOTELS (EXC CASINO HOTELS) & MOTELS,3702787.00727,552270.623318,LA,70126
311,1148 S Peters St,SEXTANT STAYS,2021-04-20,HOTELS (EXC CASINO HOTELS) & MOTELS,3682414.34952,525698.845693,LA,70130
187,1726 Prytania St,PARISIAN COURTYARD INN,2018-11-07,BED & BREAKFAST INNS,3679238.63496,524528.407612,LA,70130
108,2028-2030 St. Claude Ave,LA FEMME FRANCAISE NATASHA LLC,2018-01-31,BED & BREAKFAST INNS,3678691.8167,530187.70942,LA,70116
361,3811 St Charles Ave,COLUMNS HOTEL,2020-04-07,HOTELS (EXC CASINO HOTELS) & MOTELS,3672720.05832,521198.497913,LA,70115
22,10100 I 10 Service Rd,WYNDHAM GARDEN HOTEL,2016-02-01,HOTELS (EXC CASINO HOTELS) & MOTELS,3678691.8167,530187.70942,LA,70127
173,1006 Royal St,HOTEL ROYAL,2013-07-29,HOTELS (EXC CASINO HOTELS) & MOTELS,3683285.8404,533377.97242,LA,70116
227,1628 Carondelet St,AUBERGE NOUVELLE ORLEANS,2013-11-20,BED & BREAKFAST INNS,3678556.41762,525306.471549,LA,70130
18,7700 Chef Menteur Hwy,JACKS MOTEL,2014-02-10,HOTELS (EXC CASINO HOTELS) & MOTELS,3703762.2145,552499.971542,LA,70126
193,1615 Oretha Castle Haley Blvd,1615 OCH,2020-09-08,HOTELS (EXC CASINO HOTELS) & MOTELS,3677745.75694,525916.038077,LA,70113
211,108 University Pl,HOTEL MAISON PIERRE LAFITTE   LTD,1996-06-18,HOTELS (EXC CASINO HOTELS) & MOTELS,3680279.08687,531225.76621,LA,70112
305,6303 Chef Menteur Hwy,NOLA10LLC,2019-02-19,HOTELS (EXC CASINO HOTELS) & MOTELS,3698077.36887,551900.110806,LA,70126
327,301 St Joseph St,SPRINGHILL SUITES BY MARRIOTT H/P,2001-09-04,HOTELS (EXC CASINO HOTELS) & MOTELS,3682122.67036,527050.575294,LA,70130
310,4200 Old Gentilly Rd,MOTEL 6,2020-12-09,HOTELS (EXC CASINO HOTELS) & MOTELS,3690544.05321,548686.902995,LA,70126
131,333 St Charles Ave,HILTON NEW ORLEANS/ ST CHARLES AVENUE,2013-04-15,HOTELS (EXC CASINO HOTELS) & MOTELS,3680784.35733,529767.341121,LA,70130
134,833 Poydras St,LE PAVILLON HOTEL HOTEL TAX,2015-07-24,HOTELS (EXC CASINO HOTELS) & MOTELS,3680011.55458,529610.537345,LA,70112
27,1001 Toulouse St,MAISON DUPUY HOTEL,2017-07-06,HOTELS (EXC CASINO HOTELS) & MOTELS,3681378.5261,532924.284036,LA,70112
249,209 Magazine St,WYNDHAM LA BELLE MAISON,2019-07-01,HOTELS (EXC CASINO HOTELS) & MOTELS,3681638.77653,529839.520257,LA,70130
340,708 Ursulines Ave,INN ON URSULINES,2012-11-19,HOTELS (EXC CASINO HOTELS) & MOTELS,3683316.36706,533682.225413,LA,70116
206,1364 Moss St,CATALYST DEVELOPMENT LLC,2022-10-06,Bed & Breakfast 1 to 5 rooms,3675299.70606,540886.853899,LA,70119
141,225 Baronne St,ALOFT NEW ORLEANS DOWNTOWN,2017-04-26,HOTELS (EXC CASINO HOTELS) & MOTELS,3680131.93973,530481.64653,LA,70112
292,833 Poland Ave,LOOKOUT INN NEW ORLEANS,2013-06-05,HOTELS (EXC CASINO HOTELS) & MOTELS,3692887.86205,534089.692165,LA,70117
154,2613 Royal St,ROYAL RESIDENCE,2022-08-22,Bed & Breakfast 1 to 5 rooms,3686880.07241,534969.340806,LA,70117
262,832 France St,GRIS GRIS GUESTHOUSE LLC,2022-05-18,BED & BREAKFAST INNS,3692139.15638,534289.274949,LA,70117
381,4417 Dryades St,4417 DRYADES ST LLC,2023-11-03,BED & BREAKFAST INNS,3670505.04142,522023.371578,LA,70115
346,919 Touro St,FLEUR DE MARIGNY,2016-01-01,BED & BREAKFAST INNS,3684307.38325,535689.772039,LA,70116
29,1744 N Rampart St,CHEZ PALMIERS BED & BREAKFAST,2018-02-09,BED & BREAKFAST INNS,3683387.4813,535779.804743,LA,70116
56,1724  Clio St,WG CREOLE HOUSE,2016-05-12,BED & BREAKFAST INNS,3679138.50799,526693.81171,LA,70113
15,1001 Marigny St,OLDE TOWN INN,2012-04-01,HOTELS (EXC CASINO HOTELS) & MOTELS,3685478.07618,536015.155975,LA,70117
111,1008 Elysian Fields Ave,BLUE60 GUEST HOUSE,2018-08-23,BED & BREAKFAST INNS,3684941.0685,536005.423239,LA,70117
62,881 Convention Center Blvd,HYATT PLACE NEW ORLEANS CONVENTION CENTER,2018-02-07,HOTELS (EXC CASINO HOTELS) & MOTELS,3682594.03631,526801.392702,LA,70130
231,3522 Tulane Ave,THE DRIFTER HOTEL,2016-10-25,HOTELS (EXC CASINO HOTELS) & MOTELS,3671282.40641,535214.774342,LA,70119
318,226 Carondelet St,HAMPTON INN & SUITES DOWNTOWN,2022-03-18,HOTELS (EXC CASINO HOTELS) & MOTELS,3680577.63528,530289.810113,LA,70130
342,919 Royal St,ANDREW JACKSON HOTEL,2013-03-27,HOTELS (EXC CASINO HOTELS) & MOTELS,3683077.16258,533188.62842,LA,70116
84,2011 Iberville St,JEFF DAVIS,1991-04-05,ROOMING & BOARDING HOUSES,3677744.83253,533939.329925,LA,70112
269,824 Orange St,SEDLEY SCOTT,2024-03-20,Bed & Breakfast 1 to 5 rooms,3680993.99931,523233.958459,LA,70130
326,124 Royal St,WYNDHAM NEW ORLEANS,2001-08-31,HOTELS (EXC CASINO HOTELS) & MOTELS,3681355.49378,530845.47949,LA,70130
9,833 6Th St,THE DUCHESS LLC,2009-06-11,BED & BREAKFAST INNS,3677121.64686,519877.745976,LA,70115
117,405 Esplanade Ave,HOTEL DE LA MONNAIE OWNERS  ASSOCIATION INC,1993-05-15,HOTELS (EXC CASINO HOTELS) & MOTELS,3684951.26537,533814.223941,LA,70116
115,1319 St Charles Ave,QUALITY INN MAISON ST CHARLES,1983-12-27,HOTELS (EXC CASINO HOTELS) & MOTELS,3679374.23752,525919.747901,LA,70130
93,924 Governor Nicholls St,BOUGAINVILLEA HOUSE,2006-05-04,BED & BREAKFAST INNS,3682905.37749,534461.121989,LA,70116
250,908 Union St,SELINA CATAHOULA NEW ORLEANS-HOTEL,2020-02-01,HOTELS (EXC CASINO HOTELS) & MOTELS,3679932.70082,530151.262145,LA,70112
362,1000 Magazine St,HIGGINS HOTEL & CONFERENCE CENTER,2020-12-23,HOTELS (EXC CASINO HOTELS) & MOTELS,3680973.22095,526830.277182,LA,70130
114,915 Royal St,CORNSTALK HOTEL,1982-07-02,HOTELS (EXC CASINO HOTELS) & MOTELS,3683047.22428,533166.505668,LA,70116
97,735 Touro St,BOHEME DE MARIGNY,2011-10-27,BED & BREAKFAST INNS,3684352.1229,535084.923526,LA,70116
116,830 Conti St,PRINCE CONTI HOTEL,1987-08-01,HOTELS (EXC CASINO HOTELS) & MOTELS,3681394.18178,531901.761859,LA,70112-3440
332,7049 Bullard Ave,HOLIDAY INN EXPRESS,2007-07-01,HOTELS (EXC CASINO HOTELS) & MOTELS,3714667.98623,565718.719714,LA,70128
169,1027 N Rampart St,FRENCH QUARTER TOWNHOUSES HOTEL,2009-03-20,HOTELS (EXC CASINO HOTELS) & MOTELS,3682136.16533,534464.868485,LA,70116
182,4333 Canal St,HOSTEEVA,2017-04-19,HOTELS (EXC CASINO HOTELS) & MOTELS,3670145.81108,539281.230346,LA,70119
338,740 Hebert Dr,FEDERAL CITY INN & SUITES,2011-08-11,HOTELS (EXC CASINO HOTELS) & MOTELS,3678691.8167,530187.70942,LA,70114
98,330 Magazine St,VOCO ST. JAMES HOTEL,2012-07-11,HOTELS (EXC CASINO HOTELS) & MOTELS,3681619.25736,529436.905921,LA,70130
239,427 Esplanade Ave,SONDER USA INC,2018-12-05,HOTELS (EXC CASINO HOTELS) & MOTELS,3684898.94044,533831.883397,LA,70116
308,203 Carondelet St,HOLIDAY INN CLUB VACATIONS INCORPORATED,2020-01-01,HOTELS (EXC CASINO HOTELS) & MOTELS,3680566.63387,530497.068482,LA,70130
243,1201 Convention Center Blvd,HAMPTON INN & SUITES NEW ORLEANS-CONVENTION CENTER,2020-10-26,HOTELS (EXC CASINO HOTELS) & MOTELS,3682617.3261,525900.845757,LA,70130
328,614 Canal St,JW MARRIOT NEW ORLEANS,2003-04-15,HOTELS (EXC CASINO HOTELS) & MOTELS,3681254.20789,530504.096514,LA,70130
260,2552 St Phillip Street,HOTEL TREMELLC,2022-01-20,BED & BREAKFAST INNS,3678691.8167,530187.70942,LA,70112
378,917 N Villere St,PAUL COUGHLIN,2023-08-23,BED & BREAKFAST INNS,3680778.88245,534922.715462,LA,70116
2,2309 S Claiborne Ave,MASON MOTEL INC,1993-05-01,HOTELS (EXC CASINO HOTELS) & MOTELS,3674244.97697,527548.905535,LA,70125
119,555 Canal St,NEW ORLEANS MARRIOTT HOTEL-[H/P],1993-11-06,HOTELS (EXC CASINO HOTELS) & MOTELS,3681657.1156,530427.761794,LA,70130
13,1024 St Ann St,MARIE LAVAEAU GUEST HOUSE,2011-07-01,HOTELS (EXC CASINO HOTELS) & MOTELS,3681728.56309,533526.476036,LA,70116
64,1111 Tulane Ave,HOSTEEVA CALIFORNIA BUILDING BY HOSTEEVA,2018-09-01,HOTELS (EXC CASINO HOTELS) & MOTELS,3679544.32066,531140.798274,LA,70112
314,3350 Nevada St,EMANUEL & SHENA’S BED & BREAKFAST,2021-09-24,BED & BREAKFAST INNS,3694914.26262,519724.881272,LA,70114
357,2110 Marais St,LE SHACKTEAU,2019-09-23,Bed & Breakfast 1 to 5 rooms,3684670.90044,536608.611079,LA,70116
